{
  "baseline": {
    "Recall@5": 0.11649692397285413,
    "MRR@5": 1.0,
    "Recall@10": 0.18900875643542445,
    "MRR@10": 1.0
  },
  "graphrag": {
    "Recall@5": 0.10967949813007294,
    "MRR@5": 0.8125,
    "Recall@10": 0.19470135605591782,
    "MRR@10": 0.8125
  },
  "settings": {
    "alpha": 0.2,
    "beta": 0.2
  },
  "grid_search": {
    "alpha": 0.2,
    "beta": 0.2,
    "recall": 0.10967949813007294
  }
}