{
  "baseline": {
    "Recall@5": 0.5548070896274552,
    "MRR@5": 0.9583333333333334,
    "Recall@10": 0.5971243194929147,
    "MRR@10": 0.9583333333333334
  },
  "graphrag": {
    "Recall@5": 0.29491359887283247,
    "MRR@5": 0.736111111111111,
    "Recall@10": 0.4216261310871176,
    "MRR@10": 0.7465277777777777
  }
}