{
  "baseline": {
    "Recall@5": 0.46720558225789066,
    "MRR@5": 0.9166666666666666,
    "Recall@10": 0.5364890427685317,
    "MRR@10": 0.9259259259259259
  },
  "graphrag": {
    "Recall@5": 0.1715560724539691,
    "MRR@5": 0.5277777777777778,
    "Recall@10": 0.2614394395939285,
    "MRR@10": 0.5396825396825397
  },
  "settings": {
    "alpha": 0.3,
    "beta": 0.2
  }
}