{
  "baseline_avg_rougeL": 0.07861776019368853,
  "graphrag_avg_rougeL": 0.0645087299224552
}